id,title,first_name,last_name,birthdate,level_school,graduated,salary
1,Mr,Sadella,Lockie,2/22/1965,4,false,14809.68
2,Mrs,Towny,Grzegorzewicz,12/11/1966,2,false,6042.24
3,Rev,Rustin,Hateley,4/16/1968,5,false,13594.32
4,Rev,Concettina,Nolte,4/9/1987,1,true,21001.2
5,Rev,Woodrow,Emloch,5/30/1968,4,false,6981.12
6,Dr,Luce,Hinsch,10/6/1978,2,true,14811.5
7,Rev,Domini,Truscott,6/11/1977,1,false,14013.36
8,Mr,Griffie,Mardy,9/18/1972,2,true,20125.6
9,Ms,Esmaria,Turfin,4/10/1967,5,true,17432.8
10,Rev,Rowena,Greystock,8/27/1979,5,true,18772.6
11,Dr,Halley,Filasov,8/23/1982,6,true,13114.2
12,Ms,Bobette,Parsonage,5/29/1967,4,true,19085
13,Mr,Verena,Eudall,7/10/1990,4,false,14194.08
14,Ms,Petunia,Howselee,8/27/1961,2,true,19500.8
15,Mrs,Arabela,Venediktov,11/14/1979,5,true,13638.9
16,Rev,Sammy,Wales,4/15/1975,4,true,11039.6
17,Ms,Reynolds,Daniels,12/24/1966,4,false,6313.68
18,Ms,Fabe,McAnulty,10/10/1981,6,true,16102.9
19,Dr,Menard,Simonou,3/21/1964,5,true,16868.5
20,Rev,Davina,Stannering,5/30/1981,2,true,15716.8
21,Rev,Bancroft,Whiffin,8/6/1988,6,false,13530.96
22,Mrs,Austine,Molineaux,8/6/1988,3,true,17311.8
23,Ms,Rosalinde,de Quincey,11/17/1983,4,true,14052.5
24,Ms,Thatch,Vant,4/19/1980,4,false,9650.88
25,Dr,Pen,Meedendorpe,12/4/1982,5,false,7367.76
26,Mrs,Germain,Lichfield,3/4/1989,2,true,21049.6
27,Honorable,Helen-elizabeth,O'Moylane,12/14/1975,3,false,6319.44
28,Rev,Glennis,Copcutt,12/31/1978,6,true,22650.1
29,Mr,Erl,Bantock,6/19/1988,2,true,9650.3
30,Mr,Piggy,Ratnage,7/15/1971,6,true,10771.2
31,Ms,Layne,Denty,6/5/1987,4,false,9396
32,Honorable,Jessika,Gherardelli,3/29/1987,2,false,6846.48
33,Ms,Gilles,Gammons,8/29/1990,4,false,7611.84
34,Mr,Tobie,Hutchison,2/3/1985,2,true,9733.9
35,Mr,Mirna,Pizzey,2/15/1984,3,true,20786.7
36,Mr,Anabelle,Housecroft,12/22/1983,4,true,14591.5
37,Rev,Brocky,Hallick,8/6/1985,6,false,14683.68
38,Mrs,Elke,Bysshe,6/11/1972,4,false,11922.48
39,Mrs,Merwin,Hassan,3/7/1975,4,false,7675.92
40,Dr,Chryste,Saturley,7/27/1988,1,true,14199.9
41,Rev,Dido,Lynagh,11/22/1970,5,true,8950.7
42,Rev,Darline,Nicholls,9/26/1980,2,true,14907.2
43,Dr,Nadiya,Teas,10/18/1968,4,true,22996.6
44,Honorable,Eli,Schukert,10/11/1980,6,false,12387.6
45,Honorable,Elinore,Denisevich,1/24/1961,6,true,19627.3
46,Mrs,Janaya,Hardesty,12/13/1981,1,true,20699.8
47,Ms,Sherwynd,Kruschev,10/6/1965,3,true,11171.6
48,Mrs,Brit,Pennicott,1/23/1981,1,true,19435.9
49,Mrs,Maury,Pharo,9/25/1964,6,false,14705.28
50,Rev,Dollie,Hamnet,10/15/1977,1,false,6250.32
51,Ms,Charlotte,Bucknill,9/30/1969,5,false,10900.08
52,Honorable,Kriste,Wyborn,4/29/1971,5,false,7472.16
53,Dr,Wendall,Corradeschi,11/12/1990,6,false,14619.6
54,Rev,Guinevere,Haysman,11/18/1967,1,true,22961.4
55,Mr,Emmery,Karpets,8/15/1975,2,false,7470
56,Honorable,Roanne,Drogan,8/28/1986,1,false,15022.8
57,Mrs,Sonnie,O'Hartagan,7/29/1961,2,false,12657.6
58,Ms,Hetty,Riding,11/10/1969,5,true,13840.2
59,Mrs,Tomlin,Crosston,11/20/1987,6,false,10100.16
60,Rev,Rebecca,Faircley,6/2/1968,2,false,12632.4
61,Mrs,Manda,Zappel,1/20/1990,6,true,9786.7
62,Rev,Josephine,Bruck,8/16/1987,2,false,6963.12
63,Mr,Ximenes,Gethouse,11/1/1987,1,true,9870.3
64,Mrs,Kristopher,Halbert,4/25/1990,2,true,22148.5
65,Honorable,Laurel,Dowman,9/13/1986,1,true,15426.4
66,Ms,Ellery,Breslane,3/6/1985,1,true,19874.8
67,Ms,Tobi,Crowcum,11/19/1966,5,false,11797.2
68,Ms,Forrester,Lilion,12/11/1979,2,true,21414.8
69,Rev,Lesly,Khomich,9/28/1965,2,true,18203.9
70,Mrs,Jerri,Chataignier,8/4/1968,3,true,18532.8
71,Ms,Bessie,Wraggs,2/9/1963,5,false,6143.76
72,Mrs,Flynn,Kurth,6/24/1962,4,false,8114.4
73,Mr,Cristin,Helin,9/7/1983,6,false,13455.36
74,Rev,Faydra,Hunnicutt,3/8/1988,4,true,11715
75,Rev,Teodor,Harkes,1/14/1968,5,false,9667.44
76,Rev,Gustaf,Esche,9/5/1971,4,false,11782.8
77,Rev,Sheeree,Noon,6/6/1965,6,true,13142.8
78,Honorable,Marilee,McCullough,12/1/1971,2,false,7912.8
79,Mr,Myrtia,Puttrell,3/10/1979,4,false,10974.96
80,Ms,Yetty,Haukey,12/1/1965,1,false,9552.96
81,Mr,Chanda,Floyd,12/22/1965,4,true,13693.9
82,Mr,Sim,McGilvary,3/12/1978,3,true,15870.8
83,Dr,Lorilyn,Tipler,9/20/1973,2,false,14721.84
84,Mr,Garrick,Hightown,3/6/1985,5,false,14304.96
85,Rev,Prentice,Barthelme,5/31/1961,6,false,13734
86,Mrs,Artemus,Ewert,7/20/1968,2,false,12489.12
87,Ms,Fiann,Fairhead,11/9/1979,3,false,6443.28
88,Mr,Susana,Koubek,3/19/1984,1,false,8529.84
89,Mrs,Carolee,Cockin,6/17/1982,5,true,10899.9
90,Honorable,Tamas,Roubottom,4/7/1986,4,false,15023.52
91,Ms,Licha,Ivanishchev,1/18/1976,5,false,10259.28
92,Honorable,Odette,Croote,2/22/1966,5,true,21580.9
93,Ms,Maude,Heppenspall,7/27/1965,6,true,16361.4
94,Honorable,Nadiya,Deakes,3/1/1972,1,true,15703.6
95,Dr,Lulu,Fidler,12/30/1978,4,true,16959.8
96,Ms,Dniren,Titcombe,7/3/1971,6,false,9496.08
97,Honorable,Helenelizabeth,Schultes,10/17/1971,2,false,11178
98,Ms,Lilyan,Stennine,1/4/1971,1,false,13163.76
99,Mr,Fred,Gerty,9/25/1976,4,false,11539.44
100,Dr,Bev,Cake,10/16/1961,2,false,6687.36
101,Mrs,Danita,Tiron,5/22/1963,2,false,11259.36
102,Ms,Ernesto,O' Hanvey,7/3/1961,6,true,21222.3
103,Ms,Cahra,Cullinane,11/15/1988,2,false,11277.36
104,Dr,Isidora,Dossetter,1/29/1975,6,false,11247.12
105,Ms,Kimberlee,Ganter,3/10/1989,1,true,8858.3
106,Rev,Janessa,Eads,5/28/1971,4,false,14584.32
107,Ms,Tracy,Saller,3/16/1968,4,true,18791.3
108,Mr,Gilberta,Fery,10/12/1962,5,false,12669.12
109,Ms,Tally,Meneely,1/12/1961,6,false,11501.28
110,Mr,Curtice,Rimmer,2/9/1972,4,true,17523
111,Dr,Henrie,Eastridge,12/8/1975,5,true,11865.7
112,Dr,Clary,Condon,5/21/1986,5,false,14718.96
113,Rev,Ludwig,Diess,5/5/1972,1,true,21096.9
114,Dr,Gan,Muck,10/24/1961,1,false,9147.6
115,Honorable,Luisa,Marder,5/17/1967,2,false,7859.52
116,Mr,Kai,Blondell,2/11/1985,5,true,12478.4
117,Mr,Harwilll,Pegden,1/11/1980,4,true,13352.9
118,Rev,Giffy,Hanrahan,4/10/1987,4,true,14517.8
119,Mrs,Christa,Farrall,7/26/1974,4,false,6426
120,Rev,Nev,Mountjoy,4/25/1988,5,true,20104.7
121,Ms,Janaye,Girke,10/19/1961,5,true,20397.3
122,Ms,Deb,Kimm,10/18/1968,4,false,11389.68
123,Mrs,Natalina,Slocket,3/17/1987,4,true,11222.2
124,Mr,Opaline,Kollaschek,12/13/1981,2,true,14247.2
125,Mrs,Donia,Dossetter,1/5/1981,2,false,7456.32
126,Honorable,Elliot,Dickon,3/16/1975,3,false,7794
127,Mr,Ellswerth,Abby,2/24/1971,6,true,20456.7
128,Honorable,Danni,Fallows,9/6/1986,6,false,6099.12
129,Mrs,Isadora,Glasscott,6/22/1973,5,false,11340
130,Dr,Gretal,Berthon,5/26/1961,4,false,11549.52
131,Rev,Ryann,Orring,11/11/1970,4,false,11453.04
132,Mrs,Jamal,Watson,10/2/1978,6,false,13368.24
133,Honorable,Adham,Petriello,4/24/1974,1,false,7413.12
134,Mrs,Grannie,Tytherton,5/23/1965,6,true,11788.7
135,Rev,Carmel,Edmons,12/26/1960,4,false,10337.04
136,Ms,Madelon,Pumfrett,8/12/1972,2,true,16919.1
137,Mr,Dael,Kirkam,11/18/1982,4,true,16931.2
138,Mrs,Glori,McAnulty,5/28/1982,1,false,5984.64
139,Mr,Margie,Gunter,4/1/1977,5,true,19693.3
140,Rev,Patrizia,Vynarde,7/2/1969,1,false,5762.88
141,Mr,Riki,Capenor,2/20/1982,3,false,10946.16
142,Dr,Bartlett,Pleass,5/3/1965,2,false,13374
143,Mrs,Sal,Hanmore,11/16/1964,6,false,12949.2
144,Mrs,Armand,Tyce,9/14/1969,4,true,11750.2
145,Rev,Maurise,Hounsome,5/23/1971,2,true,14890.7
146,Dr,Alyda,Grocutt,5/16/1964,6,false,13484.16
147,Dr,Rupert,Yurkevich,3/5/1968,1,false,12770.64
148,Mr,Teodoor,Rentoul,5/28/1965,1,false,8909.28
149,Ms,Elston,Pirri,4/20/1973,1,false,15118.56
150,Mrs,Killian,Causey,9/7/1983,6,true,22248.6
151,Mrs,Shea,McKinna,4/23/1981,5,true,9857.1
152,Ms,Karim,Coker,11/28/1983,2,true,15648.6
153,Honorable,Jennie,Iacovini,9/25/1990,3,true,22733.7
154,Mrs,Ailyn,Pounsett,12/11/1988,4,false,8830.08
155,Mr,Nicolette,Kindon,12/10/1980,2,true,18010.3
156,Mr,Rici,Charlick,4/3/1977,4,false,12057.84
157,Mrs,Mikey,Pierton,5/21/1969,6,false,10796.4
158,Mrs,Rianon,Hanwell,6/22/1964,6,false,6389.28
159,Ms,Bobbye,Pestridge,5/1/1979,1,false,14503.68
160,Dr,Dorene,Linden,4/10/1966,2,false,12746.88
161,Mr,Stepha,Jewise,8/25/1986,1,false,8971.92
162,Dr,Matthaeus,Crickmer,7/17/1963,1,false,12901.68
163,Rev,Artus,Physick,5/14/1981,4,true,22528
164,Mr,Yoshi,Braunroth,9/29/1986,2,true,10256.4
165,Rev,Teena,Nizet,4/1/1990,6,false,7048.08
166,Honorable,Chaddie,Maryman,8/22/1971,2,false,12391.92
167,Mrs,Heda,Cosgrove,11/17/1983,4,false,14145.12
168,Mrs,Caritta,Giacomo,6/23/1990,5,false,9142.56
169,Mrs,Dicky,Abelwhite,7/12/1980,6,true,18007
170,Mrs,Eddi,Collyer,1/4/1964,6,false,8662.32
171,Honorable,Gwyn,Burchall,6/17/1966,4,true,11654.5
172,Honorable,Pietrek,Blackaller,4/23/1963,1,false,14662.08
173,Ms,Petrina,Springtorp,6/12/1990,1,false,14413.68
174,Ms,Kelsy,Tams,6/20/1978,6,false,7871.04
175,Dr,Kit,Isacsson,9/15/1984,1,false,8522.64
176,Rev,Farrel,Bewshire,1/1/1990,1,true,19114.7
177,Rev,Kippie,Guittet,11/3/1980,3,false,5801.76
178,Rev,Drusy,Kobera,5/17/1978,3,true,22810.7
179,Rev,Breena,Anthoney,7/14/1961,1,false,14851.44
180,Dr,Page,Birch,6/5/1977,5,false,10088.64
181,Mrs,Clari,Jemmison,11/4/1984,5,false,11392.56
182,Mr,Miguelita,Traher,9/22/1984,3,true,19914.4
183,Mr,Sylas,Brownsworth,1/14/1986,3,true,17886
184,Mr,Franklyn,Gercke,4/3/1964,5,false,13386.96
185,Honorable,Mayne,Fuxman,6/20/1981,4,false,10188.72
186,Dr,Zonnya,Wisby,2/11/1977,2,false,12564
187,Ms,Cherice,Swadon,9/25/1967,3,false,9448.56
188,Mrs,Morena,Tapsell,6/13/1976,1,false,12190.32
189,Mrs,Candace,Sidebottom,8/8/1984,4,false,13306.32
190,Mr,Frazier,Copp,2/22/1988,2,true,13172.5
191,Mrs,Hashim,Boskell,12/11/1976,2,true,10649.1
192,Mrs,Bethina,Cosslett,12/4/1987,2,false,8305.92
193,Mr,Tania,Matzl,4/24/1961,4,true,9758.1
194,Honorable,Fenelia,Albarez,11/4/1978,4,true,11797.5
195,Honorable,Wayland,Atteridge,9/23/1964,5,true,9721.8
196,Mrs,Hillie,Birrell,6/1/1988,5,false,6775.92
197,Dr,Arabela,Wither,9/4/1967,6,true,17499.9
198,Ms,Abbot,McLukie,12/9/1962,1,true,9317
199,Dr,Jeffrey,Bryett,11/15/1965,6,true,16969.7
200,Rev,Mathilda,Leppington,9/11/1965,3,true,15430.8
201,Ms,Gibby,Barniss,7/23/1984,5,false,12940.56
202,Rev,Brianna,Birks,3/27/1971,3,false,11806.56
203,Mrs,Brianne,Krinks,10/10/1975,1,false,14444.64
204,Rev,Gerick,de Lloyd,9/8/1965,6,true,18808.9
205,Rev,Nick,Campaigne,11/5/1982,4,false,13352.4
206,Ms,Dick,Edmonds,11/2/1976,5,true,19015.7
207,Mr,Mart,Dilston,12/18/1974,4,true,16168.9
208,Rev,Alexandrina,Woloschinski,9/12/1987,1,false,7539.12
209,Mrs,Lidia,Raybould,7/2/1961,2,false,13695.84
210,Honorable,Melva,Schwaiger,6/2/1977,6,true,21128.8
211,Mrs,Johna,Messiter,6/30/1967,1,false,14752.08
212,Honorable,Fidel,Bauchop,10/22/1984,1,false,13471.2
213,Dr,Wilhelm,Domleo,2/18/1974,3,true,22634.7
214,Mrs,Eldredge,Janecek,4/28/1964,2,true,9078.3
215,Rev,Rhiamon,Croyden,1/23/1986,2,false,11229.12
216,Ms,Quintilla,Monelli,11/1/1973,3,true,13396.9
217,Mr,Rowney,Kall,1/14/1978,4,true,17251.3
218,Rev,Kienan,Zielinski,5/8/1963,3,true,22884.4
219,Mrs,Cassie,Duffie,3/2/1978,5,true,9125.6
220,Ms,Cal,Dell Casa,12/5/1980,1,true,14358.3
221,Dr,Felita,Meany,9/21/1973,2,true,9334.6
222,Mrs,Tessa,Handasyde,9/2/1977,2,false,11517.84
223,Honorable,Valaria,Hizir,6/29/1989,4,true,20102.5
224,Dr,Willie,Farrant,10/18/1972,5,true,21785.5
225,Rev,Rosaleen,Wix,5/11/1989,5,false,7125.84
226,Mr,Davina,Hellwich,4/15/1963,2,true,17826.6
227,Dr,Leif,Goracci,9/7/1968,5,false,8758.8
228,Mrs,Nadya,Mutter,2/8/1973,4,true,21019.9
229,Mrs,Ninnette,Hazeley,2/17/1984,2,false,8266.32
230,Mr,Dorelle,Perello,7/21/1984,3,false,7332.48
231,Dr,Mart,Vieyra,12/20/1961,2,true,17305.2
232,Rev,Ozzy,Booeln,10/27/1969,4,false,12638.88
233,Honorable,Goldina,Fritschel,6/22/1990,5,false,9394.56
234,Mr,Annaliese,Petroulis,5/20/1973,2,true,14516.7
235,Mr,Ware,Lissandri,11/7/1962,5,true,14471.6
236,Ms,Bone,Wild,7/1/1964,2,false,6027.84
237,Honorable,Jewelle,Ferrar,8/22/1989,2,true,19981.5
238,Mrs,Kev,McEttigen,2/15/1990,5,true,20064
239,Honorable,Tobit,MacGiany,3/11/1970,2,true,20772.4
240,Mr,Brynna,Guthrie,11/16/1974,4,false,13609.44
241,Dr,Mandi,Gilford,6/9/1973,4,false,10722.24
242,Honorable,Kory,Swinney,5/21/1966,5,true,19363.3
243,Ms,Benetta,Pavelka,5/8/1963,5,false,10856.88
244,Mrs,Bruce,Creffield,12/20/1973,1,true,13917.2
245,Ms,Glynnis,Cremen,4/22/1963,2,true,10127.7
246,Mrs,Mikael,Freeborne,2/23/1966,5,false,6342.48
247,Mrs,Graig,Chesterman,1/10/1971,3,false,9733.68
248,Honorable,Jerry,Beckwith,10/10/1974,2,true,16569.3
249,Rev,Marven,Triggle,1/1/1974,2,false,6063.84
250,Mrs,Sigvard,Nemchinov,12/22/1980,5,true,19325.9
251,Honorable,Adelind,Levick,8/31/1972,1,false,13951.44
252,Mrs,Darn,Kinrade,4/20/1967,5,true,9869.2
253,Dr,Amelina,Walcar,6/6/1965,6,true,17442.7
254,Rev,Ursulina,Goody,9/13/1985,6,true,22811.8
255,Mr,Margaux,Cotty,9/24/1989,4,true,20957.2
256,Mr,Carce,Scrogges,6/30/1972,3,true,17835.4
257,Honorable,Jillayne,Brinkley,5/20/1975,6,true,13610.3
258,Ms,Leif,Joyce,8/29/1971,4,false,8495.28
259,Honorable,Filip,Cavil,7/9/1989,6,false,6624.72
260,Honorable,Ailene,Honywill,12/21/1969,6,false,7576.56
261,Dr,Gill,Lemarie,4/4/1987,1,true,18942
262,Dr,Adena,Peascod,7/18/1981,6,true,17289.8
263,Mr,Felicle,Connealy,3/18/1975,6,true,13143.9
264,Rev,Alvina,Orteaux,12/23/1987,2,false,12135.6
265,Mr,Theo,Pattingson,12/27/1987,4,false,6069.6
266,Ms,Tiena,Gue,3/22/1982,6,false,7227.36
267,Dr,Ogdon,Forman,8/2/1978,4,true,11374
268,Honorable,Brendis,Bryenton,7/11/1980,3,false,5934.24
269,Mrs,Noby,Macrow,10/20/1989,4,true,13632.3
270,Mrs,Domenic,Sivorn,6/19/1986,4,false,10208.16
271,Mr,Daron,Alfuso,1/19/1973,5,false,11633.04
272,Honorable,Doll,Waymont,11/21/1966,3,true,9999
273,Dr,Rozalie,Hews,5/7/1963,4,false,11212.56
274,Mr,Jakie,Menco,4/14/1975,4,true,9733.9
275,Mrs,Marika,Scipsey,6/14/1987,5,false,11129.04
276,Dr,Vally,Malkinson,9/26/1968,3,false,14759.28
277,Rev,Edithe,Macquire,2/3/1989,1,false,13031.28
278,Rev,Letitia,Holme,9/4/1964,4,true,16689.2
279,Mrs,Gweneth,Birchall,6/18/1975,5,true,22997.7
280,Mrs,Ann-marie,Selliman,2/24/1973,6,false,7493.04
281,Mr,Adore,MacHarg,8/17/1968,6,false,8364.24
282,Mr,Randal,Grundwater,6/6/1962,5,false,13510.8
283,Rev,Aymer,Carley,12/13/1984,4,true,14719.1
284,Dr,Russ,Krysztofiak,4/16/1965,5,false,7961.76
285,Ms,Jordanna,Leader,5/28/1961,5,false,13996.8
286,Dr,Randi,Cristofaro,1/30/1988,4,false,7880.4
287,Honorable,Lowe,Cobbald,4/11/1966,3,false,6745.68
288,Ms,Vonnie,Phin,1/15/1970,2,true,12859
289,Honorable,Constancia,Glanert,12/5/1975,3,false,10226.88
290,Honorable,Crysta,Jewers,1/3/1982,6,false,6763.68
291,Mrs,Morena,Toping,3/20/1967,6,false,7745.76
292,Mrs,Fidelity,O'Shirine,9/30/1983,1,true,15218.5
293,Dr,Nellie,Brawn,5/6/1985,3,false,14311.44
294,Rev,Leesa,Lindup,2/12/1987,4,false,6184.08
295,Rev,Dee dee,Henrichsen,5/5/1965,5,true,12610.4
296,Mrs,Hettie,Sowten,2/20/1964,6,false,13262.4
297,Rev,Letti,Kieff,10/7/1982,6,true,13549.8
298,Ms,Chad,Jorat,8/24/1973,5,true,22737
299,Mr,Toddy,Cornau,11/4/1965,2,true,20263.1
300,Rev,Noak,Errichi,2/23/1985,2,true,10918.6
301,Dr,Sharleen,Southorn,7/10/1962,5,true,18286.4
302,Rev,Ferrel,Giacovetti,8/10/1969,5,true,20605.2
303,Dr,Goldia,Bragger,12/18/1963,3,false,6521.76
304,Honorable,Nelli,Cammack,7/18/1989,4,true,11374
305,Mr,Hortense,Haysman,1/23/1969,4,true,19930.9
306,Dr,Anastasie,Knibley,8/3/1968,6,true,15906
307,Ms,Olwen,Roskelley,8/4/1981,5,true,9843.9
308,Mr,Margarethe,Kremer,2/3/1975,3,true,11326.7
309,Honorable,Ingeborg,Nairne,4/15/1971,5,false,8905.68
310,Honorable,Moises,Pengelly,6/21/1966,5,false,9780.48
311,Mrs,Erskine,Walewski,9/27/1979,3,false,7971.84
312,Rev,Kerby,Beacom,3/9/1972,4,true,10296
313,Honorable,Hal,Greenin,12/14/1979,3,true,19180.7
314,Honorable,Moshe,Kehir,10/30/1988,1,true,9605.2
315,Dr,Mora,Gulberg,2/12/1964,4,false,14711.76
316,Honorable,Jess,Abrami,1/18/1972,5,false,7254.72
317,Dr,Juieta,Whittenbury,9/25/1965,5,true,13370.5
318,Mrs,Latrena,Paradin,11/24/1966,5,true,20101.4
319,Honorable,Susana,Wattam,7/14/1968,2,true,15356
320,Rev,Orelie,Mockler,8/18/1966,5,false,9279.36
321,Dr,Norton,Jursch,4/20/1975,3,false,9265.68
322,Ms,Leola,Janosevic,8/9/1963,1,false,12335.76
323,Honorable,Clare,Pingston,6/20/1975,3,true,9075
324,Ms,Shelia,Farra,3/5/1984,3,true,16511
325,Honorable,Gigi,Labro,8/17/1980,3,false,6367.68
326,Dr,Don,Padmore,2/20/1973,2,true,10391.7
327,Mrs,Dorolisa,Thripp,2/27/1971,1,true,18687.9
328,Mr,Hilly,Boult,10/17/1969,5,true,17413
329,Dr,Orren,Carreyette,3/14/1979,5,true,16644.1
330,Mrs,Baudoin,Mingay,6/22/1976,6,false,7431.12
331,Rev,Damiano,Beenham,3/7/1990,3,false,7005.6
332,Rev,Debra,Pettersen,6/11/1974,5,false,11255.76
333,Rev,Seth,Malpas,8/9/1976,3,false,14952.24
334,Ms,Robenia,Errington,11/26/1986,4,true,20704.2
335,Mrs,Agustin,Haysham,3/4/1970,5,false,9925.2
336,Mr,Rosmunda,O' Finan,2/7/1965,4,true,21976.9
337,Mrs,Crissie,Woodison,1/11/1967,6,true,10923
338,Mr,Halley,Reinard,12/19/1970,4,true,13618
339,Dr,Jud,Ketchaside,1/9/1978,4,true,11913
340,Mr,Addie,Sutor,5/2/1981,4,true,20047.5
341,Dr,Vinny,McKinlay,11/7/1970,3,true,15917
342,Honorable,Alastair,Pogson,8/4/1982,6,true,21051.8
343,Dr,Hildagard,Di Lucia,5/21/1971,2,true,15662.9
344,Ms,Athena,Ioselev,7/21/1976,6,false,14500.8
345,Honorable,Paulie,Wildbore,9/10/1981,1,false,15028.56
346,Mrs,Graeme,Reignard,10/28/1971,6,true,19237.9
347,Rev,Celine,Grece,7/26/1989,4,false,8830.08
348,Mrs,Gates,Lovell,6/25/1961,3,true,9245.5
349,Ms,Gerty,Merriott,4/30/1965,2,false,7475.04
350,Rev,Bary,Fellman,2/12/1980,1,false,13047.84
351,Mrs,Cherey,Ormes,6/3/1976,3,false,5983.2
352,Honorable,Stacee,Novill,5/12/1988,6,true,14226.3
353,Mr,Herta,Evett,5/30/1982,5,false,14168.88
354,Mrs,Melvin,Poile,10/16/1974,2,false,10460.88
355,Honorable,Claybourne,Bagniuk,8/12/1963,4,true,15021.6
356,Mr,Natal,Meynell,7/27/1980,6,true,16094.1
357,Rev,Evangelina,Becerra,12/26/1984,5,false,13622.4
358,Ms,Clare,Verdon,11/9/1973,2,true,22262.9
359,Mr,Sibilla,Dibdale,5/15/1984,6,true,18573.5
360,Mr,Julie,Jirik,4/5/1985,6,false,13960.08
361,Dr,Llewellyn,Litchmore,9/23/1968,2,false,13410
362,Mrs,Yovonnda,Coulthurst,3/15/1961,5,false,12458.88
363,Ms,Mavra,Boughton,10/11/1982,5,false,10137.6
364,Rev,Mia,Spino,9/30/1967,3,false,5958.72
365,Rev,Alain,Meecher,9/28/1982,3,true,16975.2
366,Mrs,Zandra,Lenden,9/28/1961,6,false,10216.08
367,Ms,Alexis,Colten,8/19/1978,2,true,12835.9
368,Mrs,Cesare,Donoher,8/29/1973,1,false,7144.56
369,Honorable,Micky,Bare,7/21/1968,5,false,12111.84
370,Mrs,Wilie,Wallwood,1/24/1977,5,true,8870.4
371,Honorable,Ilise,Fysh,1/13/1983,4,true,21320.2
372,Rev,Hadleigh,Cadman,10/11/1968,3,false,11328.48
373,Honorable,Emalee,Tarney,1/10/1968,2,true,20861.5
374,Ms,Cass,Chander,11/26/1971,6,false,10279.44
375,Rev,Renado,McColl,12/27/1988,6,true,10731.6
376,Honorable,Osborn,Keijser,8/3/1971,3,true,12578.5
377,Dr,Veronika,Isoldi,4/29/1988,5,true,20898.9
378,Mrs,Corliss,Jonk,9/25/1989,3,false,12633.12
379,Ms,Casper,Garrioch,6/14/1961,3,false,13474.08
380,Mr,Emmalyn,Ransley,1/2/1984,3,true,20836.2
381,Dr,Taddeusz,Jacquemard,5/21/1978,4,true,16052.3
382,Ms,Lorie,McLarty,3/6/1971,4,false,10733.04
383,Mr,Pyotr,Nalder,7/5/1980,5,true,15451.7
384,Dr,Ramsey,Christoffersen,9/20/1990,4,false,9101.52
385,Mr,Adelina,Knappen,11/16/1968,1,false,6518.88
386,Mrs,Marshall,Yepiskopov,9/27/1976,6,true,10225.6
387,Mr,Tammara,Egdal,4/18/1976,3,false,14149.44
388,Mrs,Emlen,Brolechan,1/29/1989,1,true,12967.9
389,Dr,Jorge,Watson-Brown,10/9/1972,5,false,8925.12
390,Mr,Pris,Pactat,2/23/1973,3,true,14362.7
391,Mr,Avie,Zamorrano,12/10/1986,6,false,15058.08
392,Mr,Fifi,Doyland,9/27/1973,3,false,8280
393,Ms,Rachael,Rousby,10/23/1975,4,false,11908.08
394,Rev,Sergeant,Bartlomiejczyk,3/1/1964,1,false,7904.16
395,Mrs,Dag,Palffrey,1/1/1969,4,false,15074.64
396,Honorable,Lezley,McElrea,8/3/1963,2,false,13117.68
397,Ms,Daryl,Crichmere,2/13/1984,1,true,20861.5
398,Mr,Nickola,Maccari,6/6/1964,4,true,16489
399,Rev,Alison,Gurge,12/23/1986,2,true,15121.7
400,Honorable,Rossie,Bomb,6/24/1989,4,true,9999
401,Honorable,Antons,Salan,7/15/1990,2,false,12815.28
402,Mr,Lane,Gulston,11/24/1964,3,false,9613.44
403,Dr,Brannon,Breens,6/26/1975,2,false,12620.88
404,Ms,Ivory,Willisch,5/19/1980,4,false,9991.44
405,Mrs,Celle,Blatchford,6/2/1990,5,true,21187.1
406,Dr,Bailey,Rutley,8/11/1964,2,true,17675.9
407,Mr,Amii,Ughi,8/29/1978,6,true,15870.8
408,Ms,Keene,Chesnut,5/13/1969,6,true,11676.5
409,Rev,Zollie,Gooble,6/22/1978,4,false,13996.08
410,Mrs,Byrom,Pengilly,10/30/1966,6,true,16296.5
411,Rev,Victoir,Paulson,12/25/1960,5,false,6721.2
412,Honorable,Jillane,Semiraz,9/26/1971,4,true,18777
413,Honorable,Garry,Archbould,11/23/1984,1,false,11864.16
414,Honorable,Antonie,Kendred,4/13/1964,2,true,18623
415,Ms,Quintina,Pischel,8/27/1974,1,false,7145.28
416,Honorable,Emory,McRamsey,6/26/1968,2,false,7558.56
417,Honorable,Kris,Dickerline,5/2/1982,3,true,12279.3
418,Dr,Si,Wolland,8/12/1976,2,false,12675.6
419,Ms,Goldi,Curran,5/31/1971,4,false,13398.48
420,Rev,Friedrick,Compfort,10/6/1966,6,false,7998.48
421,Honorable,Louisa,Paulack,7/8/1973,5,true,14347.3
422,Dr,Berte,Vedeneev,3/31/1961,2,false,11990.16
423,Mr,Garwin,Raymont,10/3/1985,1,true,10532.5
424,Ms,Meghann,Breydin,10/26/1980,4,true,22056.1
425,Mrs,Abramo,MacMurray,9/7/1988,5,true,8848.4
426,Ms,Carr,Tabbitt,7/30/1962,3,false,12782.16
427,Rev,Malynda,Procter,3/1/1972,3,false,10082.88
428,Mrs,Simon,Clemmitt,10/25/1984,3,true,14857.7
429,Rev,Edd,Yeliashev,6/9/1962,6,true,17629.7
430,Honorable,Chris,Warr,5/10/1966,4,true,23078
431,Honorable,Nanni,Mugridge,11/4/1985,1,false,7776.72
432,Mr,Thornton,Saladino,3/19/1974,6,false,8220.96
433,Honorable,Cheslie,McCullum,4/29/1973,4,false,13289.76
434,Dr,Nikki,Byass,7/3/1976,6,false,9644.4
435,Mrs,Amye,Witul,10/31/1986,3,true,14340.7
436,Rev,Gusty,Welden,11/17/1978,2,false,12072.24
437,Dr,Sibeal,Cromett,4/16/1961,4,false,14495.04
438,Mrs,Lindy,Rulton,12/3/1985,4,false,12337.2
439,Rev,Hendrik,Hewkin,10/9/1986,3,true,20647
440,Rev,Darby,MacHostie,4/13/1973,6,true,11579.7
441,Honorable,Barrett,Piele,8/9/1979,6,false,7096.32
442,Dr,Aloisia,McManus,8/13/1980,2,true,19560.2
443,Rev,Valaria,Heymes,9/16/1982,3,false,7697.52
444,Mrs,Clim,Wilder,10/26/1989,6,false,12084.48
445,Mrs,Lenora,Mose,9/17/1985,6,false,10684.8
446,Rev,Florinda,Cowgill,8/16/1983,4,true,18506.4
447,Mr,Faunie,Argente,7/1/1972,2,false,6734.16
448,Honorable,Delila,McKnockiter,3/4/1964,4,true,13862.2
449,Dr,Theodosia,Vinten,1/3/1988,2,false,13747.68
450,Honorable,Morganica,Brandino,1/31/1977,5,true,9564.5
451,Ms,Demetra,Faraker,4/10/1967,1,false,9378
452,Mrs,Way,Simonnet,8/12/1962,2,false,13698.72
453,Ms,Kristina,Fordyce,6/16/1985,6,true,19332.5
454,Rev,Orland,Neame,8/30/1971,5,false,8552.88
455,Rev,Ruddy,Calwell,12/30/1983,3,false,7526.88
456,Mrs,Elle,Carrol,5/11/1983,1,false,8566.56
457,Honorable,Pascal,Langley,12/22/1980,5,false,11939.04
458,Ms,Irena,Dundon,6/17/1963,5,true,22474.1
459,Mr,Bendite,Wolver,6/12/1987,3,false,9169.2
460,Ms,Esra,Corp,10/31/1979,2,false,14376.24
461,Mrs,Mayne,Sneesbie,1/29/1975,5,true,10520.4
462,Dr,Shaun,Seefus,4/1/1970,4,true,10906.5
463,Honorable,Avrom,Kike,4/30/1988,4,false,9895.68
464,Honorable,Cole,Chattaway,9/5/1978,6,false,7863.12
465,Mr,Mattie,Rubes,5/31/1969,5,true,15089.8
466,Mr,Malory,Cambling,7/23/1975,3,false,10407.6
467,Honorable,Edythe,Le land,2/19/1971,6,false,12679.2
468,Ms,Willyt,Govenlock,12/1/1961,3,true,12009.8
469,Dr,Colver,Kerry,5/1/1989,4,true,13267.1
470,Ms,Ardyce,Reary,8/4/1970,1,false,9851.76
471,Ms,Rory,Ceillier,8/3/1966,6,true,12316.7
472,Dr,Ivett,Barson,5/18/1970,2,true,18131.3
473,Honorable,Amby,Grieve,5/30/1988,5,false,7534.8
474,Mrs,Peder,Spruce,10/3/1974,4,true,15513.3
475,Mr,Rolando,Lightbown,7/8/1972,1,false,13370.4
476,Mr,Max,O'Reilly,8/26/1966,3,true,19165.3
477,Dr,Devy,Gannicleff,9/8/1985,1,false,11570.4
478,Mr,Seline,Steaning,11/29/1969,4,true,12182.5
479,Rev,Bart,Hinners,5/18/1964,3,false,8678.16
480,Mrs,Andra,Phinnis,11/17/1980,1,false,14875.2
481,Rev,Jules,Goulbourne,5/13/1987,6,true,15523.2
482,Dr,Baron,Mottram,6/30/1981,2,true,19968.3
483,Mr,Nettie,Waggitt,2/26/1968,2,true,8916.6
484,Honorable,Godfree,Povall,1/6/1968,2,false,10568.88
485,Rev,Emelita,Davidy,3/18/1967,5,true,17573.6
486,Mrs,Biddy,Josephs,5/26/1964,5,false,7856.64
487,Mrs,Claus,Bouller,2/6/1990,1,false,13797.36
488,Mr,Jarrod,Ewert,3/18/1980,5,false,15083.28
489,Ms,Wenona,Corsan,7/15/1982,4,false,10687.68
490,Ms,Udale,Connealy,5/13/1988,5,false,14364
491,Ms,Magdalena,Paulton,1/24/1972,1,false,14757.84
492,Honorable,Gauthier,Howton,7/14/1972,1,false,13456.8
493,Rev,Chad,Stinchcombe,2/25/1989,3,false,6479.28
494,Mrs,Lettie,Lansdown,10/30/1970,2,false,11982.96
495,Rev,Hakeem,Blake,6/7/1982,2,false,6236.64
496,Rev,Carrissa,Ebbles,3/5/1984,1,false,12130.56
497,Mrs,Frederick,Rowswell,7/25/1988,6,false,8573.76
498,Dr,Selia,Greeve,11/20/1970,2,false,12357.36
499,Dr,Lorrie,Crowne,6/21/1987,3,true,15161.3
500,Ms,Caitlin,Wetheril,4/10/1961,1,false,7683.84
501,Mrs,Fairleigh,Pierucci,7/25/1967,1,true,17447.1
502,Mr,Hurleigh,Barnsley,11/3/1961,5,true,16993.9
503,Dr,Elsa,Lambart,10/1/1983,6,false,12098.16
504,Mr,Harp,Brumbie,11/29/1988,2,false,14469.84
505,Rev,August,Comsty,2/29/1972,1,false,11232.72
506,Honorable,Camilla,Simonetti,5/4/1963,2,false,7368.48
507,Rev,Ardith,Cleyburn,6/29/1962,3,false,12279.6
508,Ms,Leona,Bonellie,2/23/1982,4,true,16363.6
509,Mr,Hyacinthe,Macro,7/22/1988,4,true,15703.6
510,Ms,Vivienne,Weatherup,5/7/1973,3,false,6371.28
511,Rev,Toinette,Mallaby,11/30/1986,2,false,8736.48
512,Honorable,Stuart,Inker,6/14/1986,1,false,11510.64
513,Honorable,Cullin,Beggan,9/10/1970,1,false,14310.72
514,Honorable,Alica,Semrad,8/15/1968,6,false,11923.2
515,Honorable,Jerrie,Grunder,12/30/1972,3,true,18109.3
516,Dr,Fernande,Pendell,8/16/1985,2,false,10533.6
517,Mrs,Christophorus,Stratford,1/30/1990,6,true,22447.7
518,Mr,Alphard,Curnok,10/31/1984,6,true,20835.1
519,Ms,Marney,Pichmann,2/22/1975,6,false,14134.32
520,Mr,Rafe,Chung,2/16/1976,2,false,11342.16
521,Rev,Linzy,Drakers,2/17/1984,5,true,17993.8
522,Dr,Sergent,Corkett,5/5/1967,1,false,12697.2
523,Mrs,Berthe,Hunnywell,4/30/1966,2,true,11762.3
524,Dr,Celinda,Slocom,4/7/1972,6,true,18814.4
525,Rev,Berna,Bishell,11/23/1971,4,true,18419.5
526,Ms,Marc,Keach,10/18/1970,2,false,12187.44
527,Ms,Mendie,Hultberg,2/24/1986,3,false,13978.08
528,Mr,Ave,Murley,8/19/1969,4,true,14911.6
529,Honorable,Kimmie,Guenther,2/10/1978,6,true,10216.8
530,Honorable,Ediva,Crutch,7/20/1976,6,false,8850.24
531,Mr,Marji,Piggins,12/8/1977,6,false,13250.88
532,Mrs,Darrick,Ranaghan,8/19/1975,3,false,5785.92
533,Mrs,Dana,Orring,12/18/1967,6,false,9994.32
534,Mrs,Brandy,Saxton,1/4/1988,5,true,10935.1
535,Ms,Garfield,Winship,5/5/1965,4,false,12655.44
536,Rev,Donny,Antecki,4/1/1963,4,false,6225.12
537,Rev,Yardley,Driscoll,2/16/1976,5,true,12541.1
538,Dr,Pren,Brennenstuhl,4/24/1961,6,false,14061.6
539,Honorable,Carly,Synder,2/19/1962,6,true,15705.8
540,Mrs,Gerhard,Fierman,12/8/1980,3,false,7156.8
541,Mr,Fletch,Rennicks,5/16/1970,3,true,16553.9
542,Ms,Gregoire,Issacoff,4/10/1969,6,true,14483.7
543,Mrs,Evie,Undrill,5/3/1980,4,true,17173.2
544,Rev,Moore,Spellar,9/30/1966,3,false,8025.12
545,Honorable,Eloisa,Millimoe,3/18/1963,3,true,16641.9
546,Honorable,Hew,Ponte,8/23/1988,6,false,13592.88
547,Dr,Janot,Jowers,10/25/1971,3,false,10383.84
548,Dr,Yale,McKimmey,4/23/1974,4,false,9264.24
549,Ms,Zolly,Rontree,4/18/1983,3,true,18047.7
550,Dr,Cheryl,Ricoald,10/9/1978,6,false,8214.48
551,Rev,Isiahi,D'Agostini,8/22/1978,5,false,6227.28
552,Honorable,Helyn,Garratty,5/29/1976,3,false,6896.16
553,Mrs,Gabbie,Bathersby,8/13/1981,2,false,7212.24
554,Ms,Augustine,Adrian,10/10/1984,2,false,11084.4
555,Rev,Sarene,Cholton,2/11/1985,5,true,11234.3
556,Ms,Read,Bell,1/29/1978,4,false,6470.64
557,Mr,Romona,Flannigan,2/7/1986,4,false,14562
558,Ms,Ardeen,Goard,7/31/1966,3,true,10580.9
559,Dr,Salim,Constable,11/25/1981,6,false,10895.76
560,Rev,Wilburt,Pargeter,8/11/1978,1,true,19031.1
561,Mr,Jule,Greengrass,3/2/1967,1,false,11809.44
562,Dr,Sallee,Rubens,9/10/1973,2,false,7192.08
563,Honorable,Elisha,Lake,12/4/1971,4,false,12597.84
564,Mr,Carter,Ventum,7/15/1986,4,false,8567.28
565,Mr,Ansley,Fearney,11/15/1967,3,true,18931
566,Mrs,Morgen,Reimers,1/1/1968,2,false,6853.68
567,Mrs,Ty,Cutmare,9/13/1989,4,false,11080.8
568,Ms,Garvy,Fiddeman,3/26/1970,1,false,10002.96
569,Rev,Dominique,D'Angeli,7/4/1979,2,false,8541.36
570,Dr,Flor,Chastand,7/6/1990,1,true,14008.5
571,Rev,Melisa,Menear,12/7/1972,6,true,17491.1
572,Dr,Nowell,Gerssam,12/26/1968,2,false,11161.44
573,Mr,Wendel,Corr,1/24/1980,6,false,8379.36
574,Rev,Quinton,Wabb,10/9/1965,5,true,16789.3
575,Mr,Carmen,Voaden,8/18/1981,2,true,13035
576,Honorable,Herbert,Loudon,7/5/1972,6,true,21987.9
577,Honorable,Wenona,Loades,2/19/1981,1,true,11136.4
578,Rev,Odille,McCorrie,12/2/1979,3,true,19783.5
579,Ms,Mufinella,Sturman,2/15/1964,2,true,22930.6
580,Ms,Donovan,Mercey,11/15/1978,6,false,11385.36
581,Mr,Natka,Hanaford,1/12/1963,4,true,16519.8
582,Rev,Luella,Yanshin,12/11/1976,3,false,10224.72
583,Dr,Tammie,Bloan,2/18/1978,1,true,12577.4
584,Honorable,Aloisia,Rankcom,3/17/1983,2,false,14908.32
585,Dr,Kettie,Bensen,5/7/1961,3,false,11639.52
586,Honorable,Jade,Craddy,7/13/1974,1,true,17636.3
587,Honorable,Hercule,McLeary,9/29/1979,6,true,21442.3
588,Honorable,Cynthy,Jagoe,8/11/1974,6,true,18965.1
589,Mr,Thaxter,Oldfield-Cherry,1/11/1980,1,true,18205
590,Honorable,Bernie,McDaid,8/28/1962,2,true,20823
591,Rev,Orelle,Gifkins,12/21/1987,1,true,10246.5
592,Ms,Nessa,Gerrit,7/8/1985,4,true,17514.2
593,Mrs,Shane,Varne,5/14/1980,4,false,7582.32
594,Ms,Christen,Ventom,9/4/1982,1,false,13040.64
595,Mr,Zorana,Selbie,7/8/1964,6,true,15174.5
596,Mr,Kettie,Fiske,6/16/1975,2,true,14181.2
597,Dr,Marlene,Cawdell,2/21/1988,5,true,12355.2
598,Honorable,Lind,Baynton,9/15/1972,6,true,13498.1
599,Mr,Dagmar,Bastide,10/11/1982,1,true,10655.7
600,Mrs,Sarita,Liverock,9/25/1977,6,false,8624.88
601,Ms,Stewart,Franiak,11/12/1972,2,false,14020.56
602,Rev,Baxter,Cutting,3/25/1963,2,true,16501.1
603,Rev,Chas,Cruickshank,4/5/1980,1,false,8050.32
604,Mrs,Bertina,Deplacido,6/28/1963,6,false,11744.64
605,Ms,Karita,Puve,5/1/1988,3,true,13517.9
606,Mrs,Marie-ann,Preator,8/30/1969,6,false,9828.72
607,Dr,Colet,Roddick,3/7/1977,4,false,13091.04
608,Ms,Shalne,Headley,12/14/1982,6,false,12697.2
609,Honorable,Prentice,Gritsaev,8/22/1980,1,false,10555.2
610,Mrs,Kareem,Tofts,10/3/1985,6,true,9566.7
611,Ms,Leigha,Kitteman,4/22/1962,6,false,7456.32
612,Rev,Maurizio,Anfonsi,8/11/1968,1,true,17926.7
613,Dr,Donia,Geikie,11/2/1963,6,true,20539.2
614,Honorable,Herta,Foldes,3/29/1964,5,true,18112.6
615,Mrs,Corinna,Gallen,1/5/1983,2,false,13104
616,Mrs,Keely,Triebner,3/27/1988,3,false,14501.52
617,Mrs,Sherill,Herkess,2/21/1975,6,true,20674.5
618,Mrs,Amanda,Kehoe,12/8/1974,5,false,6296.4
619,Mr,Nonah,McEvilly,10/9/1984,6,false,13083.84
620,Mrs,Cyrill,Clews,9/19/1971,1,false,11826
621,Mrs,Patty,Longworth,5/31/1980,3,false,13602.96
622,Ms,Lynda,Bunclark,4/23/1980,4,true,19206
623,Rev,Antone,Abbitt,11/6/1977,5,true,9161.9
624,Mr,Cecilius,Draco,1/21/1975,4,true,9340.1
625,Rev,Fionnula,Chancellor,2/21/1983,5,true,22773.3
626,Ms,Tedda,Malcolmson,9/15/1985,2,true,19000.3
627,Dr,Nicolette,Collecott,12/23/1964,5,false,13100.4
628,Ms,Edee,Casaccio,8/2/1983,2,false,9316.08
629,Mr,Olly,Megany,11/24/1966,6,false,14772.96
630,Honorable,Joe,Danielski,2/19/1965,2,false,14461.2
631,Mr,Babbie,Gladman,12/19/1963,2,true,20408.3
632,Ms,Innis,Adney,8/25/1989,6,false,8388.72
633,Rev,Norene,Duignan,6/17/1982,1,false,9385.92
634,Dr,Wells,Cullington,2/21/1986,2,true,10667.8
635,Dr,Binky,Robillart,10/24/1974,2,false,11986.56
636,Ms,Sharla,Bambrick,8/8/1963,4,true,16545.1
637,Rev,Linn,Wynett,7/2/1982,1,true,14289
638,Mr,Tamar,Chazerand,9/26/1982,2,true,21287.2
639,Mrs,Jacynth,McGeachy,7/2/1985,3,false,11232.72
640,Ms,Cherrita,Lockyear,3/28/1962,5,false,6455.52
641,Dr,Vivyanne,Izzett,8/6/1972,4,false,11139.84
642,Mrs,Dannye,Yarrell,6/1/1964,3,false,15042.24
643,Mrs,Eugenia,Harlin,12/13/1970,6,false,9475.92
644,Rev,Lotty,Kedwell,12/8/1967,1,false,11000.88
645,Ms,Max,Trase,1/4/1970,5,true,19006.9
646,Dr,Gale,Baylie,4/16/1988,3,false,10373.76
647,Mrs,Juli,Cloughton,10/27/1961,3,true,16358.1
648,Mr,Karoly,Boeter,11/10/1967,4,false,12606.48
649,Honorable,Lothaire,Parmenter,3/12/1981,3,false,13957.2
650,Ms,Lucia,Rankine,1/17/1983,6,true,9026.6
651,Mr,Sinclare,Lofty,8/30/1987,2,false,9578.16
652,Ms,Bernadette,Pethybridge,1/28/1986,6,true,17705.6
653,Mr,Opal,Seeley,10/31/1965,3,false,9193.68
654,Mrs,Caritta,Hagley,7/26/1987,2,true,10013.3
655,Honorable,Aidan,Craigmyle,8/21/1975,2,true,13739
656,Honorable,Flynn,Billam,7/25/1984,6,false,7772.4
657,Rev,Winonah,Griffith,10/31/1980,1,true,22163.9
658,Rev,Donalt,Grimshaw,7/8/1965,4,false,13558.32
659,Dr,Mariel,Croshaw,4/30/1971,3,true,16468.1
660,Rev,Ediva,Fallis,4/21/1979,2,false,7897.68
661,Ms,Marve,Briars,1/15/1980,5,false,6927.84
662,Ms,Ivor,Formoy,11/16/1988,5,false,12955.68
663,Dr,Erastus,Aspin,6/15/1981,6,true,17790.3
664,Dr,Luis,Jandourek,3/14/1973,3,false,9028.08
665,Dr,Wren,Sundin,5/2/1961,5,true,19144.4
666,Mrs,Chip,Sallter,9/10/1972,3,false,12229.2
667,Honorable,Agatha,Pawlicki,2/7/1967,3,false,9547.92
668,Dr,Harley,Creaney,8/1/1989,6,true,22656.7
669,Honorable,Maurise,Portal,6/15/1961,3,true,9372
670,Honorable,Federico,Collister,11/14/1980,6,true,15973.1
671,Rev,Ricoriki,Hollindale,2/14/1969,6,false,7313.04
672,Mrs,Archy,Haskew,2/25/1975,1,true,18008.1
673,Mrs,Ulla,Gosnell,6/22/1965,5,true,22227.7
674,Mr,Carly,Lewzey,4/18/1986,6,false,9534.96
675,Mr,Dode,Husbands,7/6/1961,5,false,8683.2
676,Ms,Ailey,McPaik,5/17/1969,5,false,7133.76
677,Rev,Katharine,Cortnay,8/29/1961,1,false,11340.72
678,Dr,Berri,Bemment,2/5/1981,3,false,12561.84
679,Mr,Dom,Eisold,1/26/1962,2,false,14135.04
680,Honorable,Burnard,Hawking,9/4/1983,4,false,12607.92
681,Dr,Monti,Haslegrave,1/25/1985,3,true,14636.6
682,Honorable,Rona,Dewitt,9/21/1982,5,true,13101
683,Mr,Charline,Snaddin,10/30/1990,2,true,13262.7
684,Rev,George,Classen,10/11/1981,4,true,20042
685,Rev,Marwin,Ker,9/9/1969,6,false,10667.52
686,Rev,Corilla,Pack,7/25/1990,6,false,9560.88
687,Ms,Gilli,Klimshuk,3/28/1976,2,true,20381.9
688,Rev,Damita,Cayton,12/5/1985,1,false,10932.48
689,Mrs,Dagmar,O' Kelleher,5/21/1967,4,true,15318.6
690,Rev,Hakim,Duffan,12/5/1966,3,true,17059.9
691,Mrs,Babs,Beedom,6/28/1973,2,true,18414
692,Ms,Marilin,McCromley,5/13/1977,3,false,6320.88
693,Rev,Tan,Itzhayek,7/13/1967,3,false,12264.48
694,Mrs,Zara,Ruggles,1/28/1975,5,false,7513.92
695,Ms,Gussi,Challener,6/7/1982,1,true,10862.5
696,Dr,Janel,Ricciardi,12/20/1976,3,true,17594.5
697,Mr,Enos,Lembrick,6/16/1966,6,false,11194.56
698,Honorable,Shaun,Hebble,1/12/1990,2,true,9186.1
699,Mr,Revkah,Yurocjhin,4/16/1987,2,false,12224.16
700,Ms,Maisie,MacGauhy,7/4/1985,1,true,22603.9
701,Mrs,Berenice,Buxcey,1/21/1988,2,true,14348.4
702,Rev,Max,Van Arsdall,7/21/1968,6,false,9051.84
703,Ms,Patrice,Delamar,12/6/1983,5,true,15967.6
704,Rev,Albertine,Niland,2/28/1967,3,false,10627.2
705,Honorable,Luther,Jordan,11/29/1962,5,true,21778.9
706,Ms,Conan,Bennet,10/21/1981,1,false,14663.52
707,Mrs,Yuma,Pirolini,11/23/1967,2,true,13972.2
708,Dr,Hanna,Butlin,2/11/1968,5,false,7734.96
709,Ms,Ellette,Partridge,6/5/1988,2,true,9732.8
710,Honorable,Augusta,Sims,1/28/1961,6,false,12516.48
711,Ms,Cherrita,Bowlas,1/11/1971,1,false,9632.88
712,Mrs,Cynthea,Bourton,6/23/1977,3,false,13599.36
713,Mr,Deck,Lydon,1/12/1977,4,false,11376.72
714,Ms,Curran,Cringle,5/16/1964,5,true,19207.1
715,Dr,Jenn,Swatheridge,11/18/1980,4,false,13329.36
716,Rev,Raquela,Jordi,6/21/1985,6,false,7390.08
717,Honorable,Gram,Cloughton,4/4/1979,5,true,16787.1
718,Mrs,Brody,Pren,8/31/1989,1,false,7536.96
719,Dr,Kameko,Aizlewood,5/2/1976,1,false,6351.12
720,Ms,Wini,Fellman,12/8/1984,1,false,9339.12
721,Mr,Jordain,Negal,12/14/1975,3,true,8913.3
722,Dr,Stacey,Huerta,8/25/1977,6,true,13105.4
723,Rev,Mira,McClancy,10/19/1973,3,false,11210.4
724,Mr,Rosmunda,Close,12/8/1969,3,true,22914.1
725,Mr,Brand,Dincke,6/9/1990,6,false,14273.28
726,Mrs,Constance,Cottingham,3/22/1984,6,true,9617.3
727,Honorable,Lyle,Drinkwater,11/10/1980,5,false,5843.52
728,Ms,Hamid,Olenichev,3/17/1971,1,true,15303.2
729,Dr,Dominic,Howsley,2/14/1970,2,true,21807.5
730,Rev,Bren,Duffield,12/28/1989,4,true,19577.8
731,Dr,Fleur,Moyne,3/14/1974,4,true,19929.8
732,Honorable,Chelsy,Burr,6/11/1981,1,true,12744.6
733,Rev,Ferdinanda,Augie,9/6/1987,2,true,12340.9
734,Mrs,Clea,Steedman,4/28/1983,2,true,18362.3
735,Rev,Logan,Delacoste,6/16/1982,2,true,11225.5
736,Ms,Saundra,Chasteau,4/3/1980,5,false,11961.36
737,Mrs,Lusa,Leither,11/11/1976,2,false,8599.68
738,Dr,Darryl,Duggen,5/25/1986,6,true,18199.5
739,Rev,Leda,Earles,4/19/1978,6,false,7888.32
740,Rev,Fanchon,Hiley,6/14/1990,5,false,12192.48
741,Mr,Jasmina,Dimitresco,11/14/1971,5,true,12565.3
742,Dr,Delainey,Pink,5/14/1974,3,false,13368.96
743,Honorable,Erna,Bachshell,3/20/1971,6,false,9829.44
744,Mr,Barbey,Manchester,3/5/1976,4,false,7344
745,Mr,Valentine,Heinzel,12/13/1979,2,false,9294.48
746,Dr,Jordan,Schnieder,9/27/1978,2,true,18606.5
747,Honorable,Hinze,Swaton,3/23/1967,6,false,8537.76
748,Rev,Collie,Gladbach,3/25/1986,1,true,19460.1
749,Ms,Chevy,Turner,2/22/1972,2,false,6758.64
750,Rev,Demott,Sidary,6/4/1962,4,true,13354
751,Rev,Gordan,Alyonov,9/22/1979,4,false,14108.4
752,Dr,Packston,Red,12/10/1963,2,false,8094.24
753,Mr,Karleen,Overell,7/1/1972,4,false,5796.72
754,Dr,Monique,Mahody,5/4/1973,5,false,10287.36
755,Dr,Laetitia,Liversidge,8/3/1962,3,false,11568.24
756,Mr,Oona,Tiddeman,9/29/1964,4,true,19130.1
757,Ms,Lorne,Hentzer,1/31/1987,3,false,7224.48
758,Dr,Franzen,Roof,11/2/1966,6,true,13381.5
759,Ms,Horace,McAless,12/30/1966,6,true,21535.8
760,Rev,Arielle,Pilmer,12/26/1972,2,false,13598.64
761,Honorable,Georges,Manzell,12/20/1988,4,true,13377.1
762,Dr,Valentia,Ramey,10/30/1961,1,false,11209.68
763,Ms,Xylina,O'Neary,9/16/1961,5,false,8089.2
764,Mrs,Ara,Pavese,5/31/1983,5,false,7188.48
765,Mrs,Martha,Klamman,7/22/1987,4,false,13938.48
766,Rev,Lief,Crenage,12/6/1983,1,true,19191.7
767,Honorable,Curcio,Sleite,1/27/1975,2,false,6045.12
768,Mrs,Pryce,Croom,11/22/1961,4,true,20262
769,Dr,Westley,Morphet,1/30/1971,6,true,12402.5
770,Honorable,Gussie,Lappin,7/28/1964,1,true,8985.9
771,Rev,Daffi,Cutts,1/4/1975,6,false,8267.76
772,Mr,Mozelle,Nuttall,8/13/1962,6,false,7747.2
773,Honorable,Tasia,Cordes,9/12/1971,6,true,21264.1
774,Ms,Nessi,Anelay,4/29/1967,5,true,20604.1
775,Ms,Justine,Kinnear,1/6/1989,4,false,12152.88
776,Rev,Talia,Sill,12/14/1982,5,false,9090
777,Ms,Millard,Rexworthy,9/4/1981,6,true,23014.2
778,Ms,Gallagher,Corley,7/16/1961,6,false,8496
779,Mr,Goddard,Kiff,12/11/1976,6,true,15778.4
780,Rev,Elisabet,Cullinan,7/11/1989,1,true,22552.2
781,Mr,Fitz,Matcham,11/8/1974,1,false,14274
782,Mrs,Glenda,Brightey,11/11/1964,1,false,12603.6
783,Mr,Pip,Eveling,4/8/1968,2,false,11298.96
784,Dr,Sheffie,Frome,9/2/1974,4,true,17839.8
785,Honorable,Stephi,Doubrava,2/24/1962,3,false,9982.08
786,Mrs,Ximenez,Rickard,10/29/1971,5,false,14170.32
787,Mr,Madlen,Walwood,12/26/1973,5,true,10950.5
788,Honorable,Alla,Crippell,4/30/1969,3,true,13456.3
789,Mr,Uri,Mulvaney,10/8/1990,5,true,8977.1
790,Mr,Drusie,Gallemore,11/29/1986,6,true,11466.4
791,Mr,Douglas,Wilcock,3/18/1970,2,false,13291.2
792,Ms,Hatty,Dummigan,12/24/1969,5,true,15626.6
793,Ms,Verge,Bloxam,5/18/1984,1,true,16660.6
794,Ms,Nicky,Satterfitt,8/20/1977,4,false,9343.44
795,Mrs,Zeke,Bladen,7/22/1983,3,true,12381.6
796,Honorable,Evita,Nudds,12/10/1983,5,true,22041.8
797,Mr,Munmro,Pulley,5/7/1973,2,false,13939.2
798,Honorable,Zebadiah,Brigshaw,8/1/1989,4,false,14445.36
799,Rev,Ailina,Oldall,12/14/1983,1,true,17763.9
800,Honorable,Standford,Braysher,7/17/1980,6,false,10789.2
801,Rev,Claude,Genever,7/24/1969,1,false,6238.08
802,Mr,Fawn,Kiddy,7/23/1984,4,true,10310.3
803,Ms,Auguste,Raffon,7/17/1989,4,false,8576.64
804,Rev,Codee,Leel,12/10/1972,1,true,9638.2
805,Rev,Der,Brolechan,12/21/1987,5,false,14634
806,Dr,Terrel,Helis,2/13/1987,3,true,10500.6
807,Mr,Dela,Driffield,2/28/1971,5,false,6883.92
808,Ms,Nelle,Placstone,12/26/1988,5,true,10858.1
809,Ms,Alford,Hestrop,2/6/1962,3,false,7940.16
810,Ms,Benny,Finding,1/16/1973,2,false,14301.36
811,Mr,Freda,Kenforth,12/29/1987,2,true,20040.9
812,Dr,Gawen,Creasy,3/22/1969,4,false,6948.72
813,Honorable,Olympia,Mattiacci,8/1/1964,2,true,19492
814,Mrs,Julie,Fearne,8/14/1972,5,true,19735.1
815,Mrs,Estel,Andriessen,1/27/1989,1,false,8127.36
816,Ms,Ayn,McGillicuddy,8/2/1990,1,true,14818.1
817,Mr,Jilly,McGrann,10/22/1982,3,true,15587
818,Honorable,Jerri,Maciak,5/1/1988,3,true,17630.8
819,Honorable,Beaufort,Odo,6/27/1972,5,false,8270.64
820,Honorable,Garret,Gate,9/16/1979,2,false,9270
821,Ms,Elvina,Iwanicki,4/17/1986,2,false,14556.96
822,Honorable,Torrie,Bolstridge,12/21/1981,1,false,12885.84
823,Mrs,Glennie,Innot,4/13/1979,1,false,5900.4
824,Dr,Selle,Fumagall,2/12/1987,3,false,13183.92
825,Mr,Montague,Ivanonko,10/19/1984,3,true,10439
826,Ms,Orella,Shillabeer,12/19/1963,6,true,11556.6
827,Dr,Lauraine,Howle,10/15/1976,5,false,12440.88
828,Mrs,Dwight,Zanini,5/13/1972,6,true,18647.2
829,Mr,Raf,Turneaux,7/25/1982,2,true,9648.1
830,Dr,Den,Benfield,5/6/1967,1,false,12708
831,Mrs,Mikaela,Dimitresco,3/31/1984,6,true,17080.8
832,Honorable,Pieter,Zettoi,11/15/1972,2,false,10319.04
833,Mrs,Giselbert,Gorhardt,2/15/1973,6,true,19724.1
834,Ms,Boigie,Pitts,7/24/1988,1,true,11365.2
835,Rev,Charlie,Kenyon,10/24/1967,2,true,19891.3
836,Rev,Leighton,Hyett,3/5/1970,6,true,22038.5
837,Rev,Enid,Hrishchenko,12/26/1985,3,false,6084
838,Honorable,Sindee,Darcy,3/6/1982,1,true,14752.1
839,Mrs,Stevana,Fake,2/17/1980,4,true,9086
840,Ms,Dorene,Smalecombe,6/12/1979,2,true,12019.7
841,Ms,Max,Bransdon,3/14/1963,4,true,22682
842,Honorable,Lennard,Crampsy,7/30/1973,2,false,8518.32
843,Mrs,Phillida,Waddington,7/20/1973,4,false,14612.4
844,Rev,Wake,Errichiello,10/28/1970,4,false,9308.88
845,Honorable,Iolanthe,Chittie,10/5/1976,2,true,22445.5
846,Dr,Mercie,Drysdell,8/8/1963,2,false,8992.8
847,Honorable,Toiboid,Ilyenko,3/1/1983,3,false,14286.96
848,Rev,Caritta,Lambrecht,9/23/1968,5,false,14388.48
849,Rev,Sybila,Brunker,7/31/1988,4,false,10837.44
850,Honorable,Hastings,Alliott,9/13/1978,5,true,15089.8
851,Mrs,Jemimah,Fouracres,10/19/1974,3,false,12958.56
852,Mrs,Paulina,Rebeiro,3/5/1975,5,true,11757.9
853,Honorable,Babbette,Doodney,7/15/1963,1,true,17013.7
854,Mrs,Caleb,Arrington,6/29/1961,6,false,10550.88
855,Mrs,Cullie,Beever,12/29/1972,1,true,10159.6
856,Mrs,Dorena,Fogden,11/17/1984,3,false,10519.2
857,Mrs,Bart,Caris,12/26/1986,5,true,23046.1
858,Honorable,Talyah,Boliver,1/10/1983,6,false,7285.68
859,Honorable,Brandy,Ducham,3/13/1970,5,true,9286.2
860,Honorable,Donica,Lenham,4/4/1961,2,false,9755.28
861,Mr,Kain,Zarfat,5/9/1979,1,true,11343.2
862,Mrs,Claresta,Heinke,12/1/1970,2,true,12395.9
863,Dr,Joycelin,Meneux,2/13/1969,5,true,18088.4
864,Dr,Herschel,Vain,11/3/1990,1,false,10311.84
865,Ms,Spenser,Gabrieli,3/3/1985,6,true,10542.4
866,Mr,Yankee,Philippou,7/3/1988,1,true,21656.8
867,Rev,Jaquelin,Cossell,2/25/1968,3,true,10575.4
868,Rev,Cesar,Falconer,6/16/1986,6,true,11903.1
869,Ms,Davine,Aleksankov,10/24/1962,6,false,12000.96
870,Mr,Loria,Sibbert,2/11/1987,2,false,7552.08
871,Ms,Akim,Gounard,12/6/1971,6,false,10841.04
872,Dr,Pip,Odgers,2/14/1963,4,false,13782.96
873,Ms,Shelly,Downage,7/22/1966,5,true,14719.1
874,Dr,Barret,Kupker,8/18/1966,6,true,12260.6
875,Mrs,Emmye,Rableau,3/5/1982,6,false,14154.48
876,Mr,Krissy,Hughlock,12/2/1969,4,true,14954.5
877,Dr,Lira,Westcar,4/19/1984,4,false,9881.28
878,Mrs,Ethel,Tofts,2/22/1988,5,true,11154
879,Dr,Georgianne,Drane,6/24/1987,2,false,13951.44
880,Dr,Bunny,Pemble,9/28/1988,4,false,14184.72
881,Ms,Eirena,Lacrouts,4/23/1987,6,false,9114.48
882,Dr,Binny,Jankovsky,8/6/1962,1,true,9288.4
883,Rev,Abbie,Craddy,10/23/1977,5,true,12365.1
884,Rev,Garfield,Bernhardsson,6/16/1976,4,true,17825.5
885,Mr,Marnia,Essberger,4/26/1989,3,true,18222.6
886,Mrs,Malvina,Tanguy,2/6/1974,2,true,13444.2
887,Dr,Aigneis,Goodbody,4/6/1975,6,false,12944.16
888,Ms,Julianne,Vittet,12/29/1982,1,true,12397
889,Rev,Melania,Rollitt,4/16/1976,2,false,9327.6
890,Ms,Quent,Letham,2/25/1984,1,true,10980.2
891,Mr,Peterus,Mattheis,12/9/1969,4,false,10053.36
892,Rev,Stesha,Parades,9/18/1989,2,true,20627.2
893,Mr,Livy,Dufty,3/30/1975,4,true,14363.8
894,Honorable,Theadora,Bonallick,11/14/1990,3,false,12159.36
895,Mr,Anthea,Dusey,2/2/1982,4,false,12656.16
896,Honorable,Dame,Grayshon,10/9/1963,4,true,13896.3
897,Honorable,Abbye,Robert,1/28/1985,3,true,15405.5
898,Mr,Emogene,Verrillo,10/11/1969,5,false,7846.56
899,Mr,Natividad,Wakelam,4/1/1972,3,false,11417.04
900,Mr,Willi,Dillingham,1/28/1985,1,false,9536.4
901,Ms,Jules,Corpe,11/17/1982,4,false,7506.72
902,Rev,Allegra,Bussel,1/2/1987,1,true,12119.8
903,Ms,Berkly,Hadcock,10/10/1969,6,false,7707.6
904,Honorable,Ailyn,Baythorp,12/26/1972,4,false,13285.44
905,Dr,Nata,Gardner,6/27/1968,3,true,20408.3
906,Honorable,Theo,Kilfeather,12/19/1983,6,false,10046.88
907,Ms,Anna-diane,Heavens,8/22/1971,2,true,22847
908,Rev,Merridie,Benko,10/3/1982,6,true,22298.1
909,Rev,Cristal,Flux,8/19/1964,4,true,8889.1
910,Rev,Diana,Fransewich,9/7/1963,4,false,6134.4
911,Honorable,Vin,Gimber,8/24/1969,5,true,16966.4
912,Ms,Allix,Honacker,8/19/1984,1,true,21066.1
913,Ms,Jerrold,Hollyard,10/4/1969,4,false,7066.8
914,Ms,Berny,De Lacey,3/9/1983,5,false,5782.32
915,Mrs,Vasilis,Mulgrew,8/2/1972,4,true,22075.9
916,Rev,Merilyn,Wetherill,10/8/1971,4,false,12543.12
917,Mr,Christi,Bilsland,5/10/1977,2,true,10930.7
918,Dr,Gerrilee,Bebbell,12/13/1966,6,true,10575.4
919,Ms,Faustine,Dolder,1/1/1977,2,true,18106
920,Ms,Madison,Brusle,1/4/1980,6,true,14483.7
921,Mr,Meaghan,Mabson,2/19/1983,4,false,12057.12
922,Mr,Sonni,Brickwood,7/4/1980,5,true,16454.9
923,Honorable,Randi,McCutheon,5/8/1982,3,false,6347.52
924,Mrs,Sarita,Exer,11/27/1963,3,true,16022.6
925,Rev,Cher,Exall,4/14/1961,6,true,9555.7
926,Rev,Ingamar,Pleming,1/19/1981,6,false,11247.12
927,Ms,Tris,McVeagh,11/30/1968,4,true,20564.5
928,Honorable,Blake,Minet,2/23/1982,5,true,18073
929,Mr,Robin,Glennard,11/26/1971,1,true,12126.4
930,Mr,Issy,Gammons,5/14/1972,2,false,14400.72
931,Dr,Arlinda,Corwood,11/20/1969,5,true,12180.3
932,Honorable,Michaela,Evreux,11/14/1976,2,true,8979.3
933,Honorable,Janene,Hurburt,5/5/1982,2,true,16113.9
934,Dr,Inesita,Gillion,5/17/1972,5,false,9702
935,Honorable,Isador,Crabbe,7/11/1986,6,false,7302.24
936,Honorable,Shanie,Rayworth,3/12/1961,6,true,15551.8
937,Honorable,Ario,Borley,10/10/1963,2,false,13269.6
938,Mrs,Dion,Schimann,6/1/1967,1,false,6788.88
939,Mrs,Hollyanne,Mummery,5/20/1978,2,false,6801.84
940,Dr,Rosalie,Rustedge,10/9/1962,3,true,22074.8
941,Mr,Elsie,Nekrews,3/11/1979,2,true,19063
942,Mrs,Joya,Revance,12/13/1974,2,false,14732.64
943,Mrs,Devlin,O'Cahey,7/14/1987,3,true,18136.8
944,Honorable,Gwendolen,Jezzard,9/1/1984,1,false,8162.64
945,Mr,Aindrea,Gilliland,10/21/1967,3,true,13621.3
946,Honorable,Mozes,Losseljong,8/3/1986,1,false,12594.96
947,Rev,Joel,Domegan,2/13/1975,2,true,8882.5
948,Honorable,Cariotta,Cino,9/23/1988,2,true,20783.4
949,Ms,Knox,Kellog,10/3/1982,2,false,14631.84
950,Mr,Myrilla,Willets,12/12/1969,1,true,20411.6
951,Honorable,Maryann,Gorst,4/17/1971,4,false,12127.68
952,Rev,Borden,Sivorn,6/22/1964,2,false,8346.96
953,Rev,Mira,O'Scollee,11/21/1989,1,false,9264.24
954,Honorable,Emlyn,McQuaide,4/15/1961,5,false,15029.28
955,Rev,Hervey,Van der Linde,5/16/1969,4,false,8216.64
956,Ms,Hamish,Schwand,11/20/1973,5,false,10028.16
957,Honorable,Travis,Klima,12/22/1964,4,true,17330.5
958,Honorable,Andriana,Lambertz,7/2/1968,2,false,9190.8
959,Dr,Karlens,Hawthorn,10/29/1970,1,false,12618
960,Ms,Madella,McConnal,6/22/1965,6,false,7625.52
961,Honorable,Pearline,Buscombe,11/13/1968,3,true,12780.9
962,Dr,Araldo,Farnin,3/20/1971,1,true,22328.9
963,Mrs,Hestia,Benyan,2/28/1968,5,true,19382
964,Mr,Jacinta,O'Malley,7/23/1990,3,true,18399.7
965,Honorable,Lief,Sowthcote,4/21/1969,4,true,22976.8
966,Rev,Stanwood,Dring,2/2/1963,2,true,8993.6
967,Ms,Rochette,Spondley,8/8/1983,6,false,12273.12
968,Mrs,Giustina,Nolleth,4/3/1981,5,false,6398.64
969,Mr,Lyssa,Allewell,10/22/1977,5,true,14951.2
970,Honorable,Sallie,Dossetter,12/6/1962,1,true,21142
971,Mrs,Yul,Gamon,3/28/1963,1,true,12896.4
972,Rev,Jon,Barme,7/30/1977,5,false,6994.8
973,Ms,Elvina,Cyples,2/6/1965,1,true,20510.6
974,Mr,Dante,Gentsch,9/20/1965,5,false,8967.6
975,Mrs,Krissy,MacIan,7/12/1975,5,false,8399.52
976,Rev,Evey,Scuse,12/7/1968,2,true,9302.7
977,Honorable,Kathie,Collingdon,5/11/1986,1,true,23025.2
978,Mr,Audi,Treend,12/13/1970,3,false,7634.16
979,Rev,Ilaire,Sclater,12/27/1976,6,false,14810.4
980,Ms,Alexio,Forson,10/25/1985,6,false,7919.28
981,Ms,Christophorus,Sackey,7/28/1979,1,true,13157.1
982,Mr,Fidelity,Jellico,2/23/1975,6,true,12237.5
983,Dr,Elisabeth,Brandom,12/5/1964,3,true,16440.6
984,Dr,Nichol,Ranson,12/20/1960,2,false,13692.24
985,Dr,Shawn,Mountcastle,10/24/1982,2,true,18810
986,Ms,Tulley,Rowet,7/16/1985,3,true,11610.5
987,Ms,Galvan,Poolton,2/18/1961,5,true,17975.1
988,Ms,Josh,Bernhardi,7/25/1965,5,true,18174.2
989,Mrs,Kamilah,Ellerton,8/4/1989,5,true,19639.4
990,Rev,Benton,Heyburn,3/23/1972,2,false,13654.08
991,Honorable,Bucky,Dowgill,4/23/1987,6,true,10523.7
992,Honorable,Clerkclaude,Gamblin,7/24/1986,3,false,7221.6
993,Dr,Tomaso,Hansman,11/7/1964,2,false,9427.68
994,Mr,Tressa,Hinsche,9/27/1971,5,false,14524.56
995,Mrs,Quinn,MacCook,12/15/1962,2,false,6974.64
996,Mr,Janeen,Reah,3/16/1971,1,false,12326.4
997,Honorable,Kennan,Fritter,9/24/1983,5,false,15099.84
998,Mrs,Rheta,Bratchell,9/18/1962,5,true,20467.7
999,Honorable,Kym,Heathcott,2/1/1974,3,true,18499.8
1000,Honorable,Hayley,Farbrace,7/31/1982,2,false,14709.6
